"X1","X2","X3","X4","X5","Y"
0.594334826106206,0.332358718616888,0.0318521850276738,0.0501147343311459,0.23275580490008,0.0580883645273332
0.0280655575916171,0.398832507431507,0.529980497434735,0.350311260903254,0.87411797279492,1.97227519852814
0.498544336529449,0.430676494026557,0.502853673184291,0.919817097950727,0.207755907671526,2.51897135600559
0.84730560798198,0.60695285233669,0.31558338040486,0.803072662791237,0.592928254278377,3.01031242510293
0.675697797443718,0.815708825364709,0.139605482108891,0.942206585779786,0.00769461016170681,1.79778169385046
0.809787452220917,0.0117085583042353,0.26686431420967,0.264660069951788,0.181132070953026,0.815633126476376
0.369036380434409,0.999095956329256,0.0444725512061268,0.785410420270637,0.488732932135463,1.28681667342867
0.219759045168757,0.973640373675153,0.077699011657387,0.124097978463396,0.478963885689154,0.412384020683259
0.881083002779633,0.230631199199706,0.467347796540707,0.499033237574622,0.209686443675309,2.11064450077006
0.10667747608386,0.94458302250132,0.370326523901895,0.33030608179979,0.0429411325603724,2.94948107114234
0.859364118892699,0.659763141069561,0.34320481470786,0.783274240558967,0.230937463464215,3.04687604763926
0.285267394036055,0.534034725744277,0.477185669820756,0.331173135899007,0.784346921602264,2.51546216060057
0.600701720453799,0.333541794447228,0.705899892374873,0.377288941759616,0.396371989045292,2.73865141277534
0.785214851144701,0.603275604080409,0.227168482728302,0.680383188882843,0.475018488476053,2.46711079422022
0.517019648337737,0.266792327631265,0.641553950728849,0.449263003189117,0.744411532767117,2.37421670225219
0.684523904696107,0.975121019640937,0.534237862098962,0.95003285841085,0.576070096576586,5.33613973036507
0.091807157266885,0.336791514186189,0.897985025541857,0.465341213857755,0.81217476958409,3.04814378700109
0.400593612575904,0.377247260883451,0.796885531861335,0.481085534673184,0.753143029985949,3.35577993471348
0.818084538681433,0.956196144921705,0.696004253812134,0.137264151591808,0.929796929704025,5.74338692052285
0.814072464825585,0.474790247622877,0.234460140112787,0.352547768503428,0.947659885277972,1.98507468839936
0.0723128255922347,0.886587646557018,0.292885657399893,0.867348881904036,0.386027936590835,2.55977522243261
0.737511035520583,0.251298369374126,0.331586598651484,0.16511907055974,0.182602122193202,1.11754204549784
0.929301131283864,0.469914928777143,0.495695101795718,0.730673034442589,0.0424093136098236,3.077613929307
0.497966729803011,0.400348818860948,0.554822704056278,0.417544546304271,0.810170276556164,2.70110017677666
0.547784131020308,0.447659028461203,0.855700843036175,0.17003819369711,0.265689330874011,3.33767818307677
0.702035182388499,0.247211023932323,0.318818463943899,0.0329208299517632,0.352216345723718,0.655701899042693
0.578511378727853,0.434966238914058,0.212650871602818,0.760711633600295,0.0135756658855826,1.57158622714061
0.506226286524907,0.688577756984159,0.607448273105547,0.215559468138963,0.864170051645488,3.69836932583254
0.312441450543702,0.229379762662575,0.745945270871744,0.947216471191496,0.848563726292923,2.40608015099747
0.462517124367878,0.223481797846034,0.315764949657023,0.169335647718981,0.366080480627716,0.754245251379497
0.783273540437222,0.671328865224496,0.212064820807427,0.0975613950286061,0.739261908922344,1.42620636377594
0.863897032104433,0.960855143610388,0.45918056438677,0.643289556959644,0.940436503849924,5.23861464802241
0.830501888878644,0.916776567464694,0.863795840647072,0.804691384313628,0.380781481740996,7.63570423853937
0.415380643447861,0.894324683118612,0.998124265577644,0.914974676910788,0.554341123905033,8.07694261125196
0.71530710789375,0.686950004892424,0.439229503041133,0.836254934081808,0.202102194307372,3.45014379135742
0.895301153650507,0.535518119577318,0.244719028938562,0.12802161835134,0.756638719467446,1.54471028965807
0.920269266702235,0.495499428128824,0.930910202208906,0.763486438198015,0.0200985500123352,4.87864430400071
0.0452158288098872,0.634833982912824,0.322829502169043,0.725381854455918,0.210869281319901,2.0597265705279
0.0617827102541924,0.0796544996555895,0.978632871760055,0.839113051770255,0.440654424484819,1.17991182535525
0.343606138136238,0.355913950596005,0.868809783598408,0.0168493781238794,0.62176548037678,2.084210570714
0.120308656478301,0.69885724154301,0.583084621233866,0.692113777855411,0.0599467668216676,3.66342667774825
0.274702782742679,0.662023242563009,0.354064914863557,0.360425627557561,0.143314398359507,2.28715463006493
0.78354802262038,0.707942742155865,0.149794136872515,0.318364504957572,0.796906211180612,1.80705461232811
0.816691057290882,0.200186840957031,0.86705677350983,0.0389084527269006,0.885196811286733,1.54304962660933
0.0383991736453027,0.321412166114897,0.715377181302756,0.702738812193274,0.492510403273627,2.46462797394613
0.525912154233083,0.635389427421615,0.622974899364635,0.138154488988221,0.342266074381769,3.31356809100842
0.417201585369185,0.37436103913933,0.259868431137875,0.774434459628537,0.588537356583402,1.83503258666757
0.175800892990083,0.0766993435099721,0.134192135417834,0.212030942784622,0.290508818812668,0.104612282769453
0.489561093738303,0.377368592657149,0.992523309076205,0.691790560493246,0.724472440080717,4.24614949145283
0.693170805461705,0.820362131576985,0.163993902737275,0.721204688306898,0.441313789924607,2.32176180099928
0.0671691333409399,0.502944152569398,0.706860179780051,0.975876797223464,0.263611433329061,3.20310018581759
0.265368606895208,0.141427324153483,0.468345887027681,0.828213309403509,0.367113332031295,1.24065225304261
0.223455647472292,0.249301155330613,0.52295428677462,0.802445865701884,0.902812019689009,2.13941292061489
0.877665201202035,0.603656991850585,0.202251344686374,0.42368019069545,0.463249220745638,2.22019118593716
0.842297937022522,0.0631027151830494,0.802959684282541,0.516132248565555,0.569264967925847,1.80258389134562
0.00817744596861303,0.909008387709036,0.810787465190515,0.857383805792779,0.203225902980193,6.20522167977532
0.842177487676963,0.537343764211982,0.677954069338739,0.45982749806717,0.687931134132668,4.2502901764786
0.385480744531378,0.273726845858619,0.29871395858936,0.930804681032896,0.210179212270305,1.3306636404259
0.636162134353071,0.491160385543481,0.996893267612904,0.508921368746087,0.597338030813262,5.10388664649089
0.0161190400831401,0.64937829808332,0.415392165072262,0.331456267740577,0.333775882143527,2.2979654256326
0.20834532706067,0.186969011090696,0.815993992378935,0.545288803288713,0.121383132180199,1.7698747396396
0.862593138357624,0.996554744197056,0.252858449472114,0.776517432881519,0.865267510758713,3.72779689690649
0.904028192628175,0.59209400950931,0.0963960948865861,0.319100353168324,0.491921569686383,1.51637412778253
0.930647901957855,0.59993300982751,0.0380677343346179,0.0546786291524768,0.969426166964695,0.497195265685771
0.654938829364255,0.427081391680986,0.991273163584992,0.603530308464542,0.880093643208966,4.83825279816977
0.977930256398395,0.150129026500508,0.383361378917471,0.891800554934889,0.925562962889671,2.29898881778122
0.273457271745428,0.44856454920955,0.314282287843525,0.45162122673355,0.47016390110366,1.80186025321011
0.469490718794987,0.877480615628883,0.57762280292809,0.259282131912187,0.997581916162744,4.49237211272856
0.27911773044616,0.520871450891718,0.827812306350097,0.911882842658088,0.0320417587645352,3.93952156177227
0.262793723726645,0.44748272234574,0.363086326280609,0.647682773880661,0.656508967280388,2.24944367352977
0.926489863777533,0.348922653589398,0.345095612574369,0.034268015762791,0.0143113830126822,1.22115253573239
0.698273848742247,0.782340647187084,0.136527437716722,0.864786409307271,0.731219922658056,2.25463100149192
0.524391328915954,0.35539857042022,0.0373743427917361,0.829107294557616,0.215331520186737,0.981161573747652
0.602132288273424,0.44206762034446,0.319795429706573,0.192657529842108,0.600533008575439,1.5283735450704
0.0687024178914726,0.941683395765722,0.833871877752244,0.187124212738127,0.590347421821207,6.11356110018477
0.601431617047638,0.612813683692366,0.401918600779027,0.972166134510189,0.369986644247547,2.92106021559998
0.812882760539651,0.814620206132531,0.917009962256998,0.963061945978552,0.267227463191375,7.10398186769563
0.530400950228795,0.697806025622413,0.524376130895689,0.364844046067446,0.440466228872538,3.68074485820731
0.772625678917393,0.202115434221923,0.5727673843503,0.298014800762758,0.841746383812279,1.81978825287718
0.294402573956177,0.701670585433021,0.72984698228538,0.137336065992713,0.424377857008949,4.007074755902
0.150246142875403,0.882306386251003,0.153708854923025,0.228404362918809,0.261752790072933,1.10901473502589
0.117335176793858,0.325104967923835,0.718939850572497,0.837581227533519,0.84998882911168,2.79864272680892
0.173610126366839,0.893883788958192,0.68115850770846,0.912846903549507,0.111825988860801,5.26957508167157
0.413878278806806,0.172063088975847,0.00861819158308208,0.987526973243803,0.498352403519675,0.857841864481469
0.482729193056002,0.198466944042593,0.178797009866685,0.142744146287441,0.421958651160821,0.419000212855803
0.939617736032233,0.544278945308179,0.240449751028791,0.217061823233962,0.620952727040276,1.86483529136233
0.43720604502596,0.715967292198911,0.729783642571419,0.712793953949586,0.477506798459217,5.18453858315762
0.139289952814579,0.146854898659512,0.00130358571186662,0.839688344160095,0.366971863666549,0.582948195054519
0.439282547216862,0.478240061318502,0.0232833470217884,0.277364728739485,0.135214432142675,0.521680912849941
0.058936751447618,0.586114624748006,0.875763835851103,0.616928608622402,0.738060714211315,4.88420141300612
0.0743702128529549,0.8228400927037,0.257589688757434,0.32393917394802,0.311668894486502,1.87496180181292
0.61940806847997,0.733648074092343,0.24428120162338,0.00257722148671746,0.101429970934987,1.27410706933929
0.0404915015678853,0.5975745851174,0.572919064899907,0.546259881928563,0.828968563349918,3.44894901975952
0.446712449658662,0.92843512725085,0.432832305552438,0.248725113458931,0.112653985386714,3.55440739459176
0.0953394116368145,0.363825393840671,0.389053289312869,0.585983661236241,0.602126304758713,1.84653708960933
0.127196905901656,0.475846849847585,0.739271633094177,0.253262958256528,0.506889234529808,2.90225828245646
0.502398333745077,0.146913662552834,0.56310338829644,0.692669566255063,0.0430538363289088,1.4623865799518
0.0950989886187017,0.938994038384408,0.0529057036619633,0.69011420593597,0.556931701954454,1.13017442891374
0.328312861500308,0.35514005064033,0.289404288632795,0.893208190565929,0.38692886615172,1.56213456436074
0.985909065930173,0.0806518774479628,0.660018247552216,0.122540653217584,0.528448469005525,1.01601694280075
0.192102764267474,0.676037851022556,0.775535914348438,0.523920211009681,0.704344492871314,4.97856527204049
0.642305782530457,0.157278340077028,0.682038626167923,0.486254311632365,0.153336019488052,1.82663424303256
0.974289637990296,0.0227798956912011,0.241923321038485,0.23808300960809,0.794992033625022,0.971646741416169
0.162309319479391,0.55217296583578,0.333883829414845,0.796747890999541,0.434561842586845,2.1376838850233
0.632824745029211,0.0825994543265551,0.283618203364313,0.651245379820466,0.685869084438309,1.54566743881719
0.369730248581618,0.819169461959973,0.67476875660941,0.570210286416113,0.429253049194813,5.29390604604697
0.5646888515912,0.415331752970815,0.127066916087642,0.409832311328501,0.259002649923787,1.2619314244664
0.348490404430777,0.630198031431064,0.977090674219653,0.349133932031691,0.129268212709576,5.40575873713595
0.75405364506878,0.191358756506816,0.989618811756372,0.326162732904777,0.752482489915565,2.47189778444581
0.912857306888327,0.712335778633133,0.402267031138763,0.823181576561183,0.337007693946362,3.62922326741141
0.858941165730357,0.280311653623357,0.924149686936289,0.00665615499019623,0.651761810993776,2.18330606921883
0.0714643986430019,0.562153544742614,0.312656056834385,0.976495878072456,0.300675687845796,1.78549320715298
0.94359696446918,0.698921744013205,0.338166032917798,0.773007519776002,0.773855422856286,3.61977272692056
0.127359124599025,0.305139634525403,0.158827990060672,0.122521444689482,0.618493192829192,0.0971500033260643
0.0687581214588135,0.243478561751544,0.777989039430395,0.502738643437624,0.160714392084628,1.91759938091093
0.666919003007933,0.255249195499346,0.768195733893663,0.367245093453676,0.0223327148705721,2.36832605344235
0.84244626830332,0.453854127321392,0.391848623985425,0.25668007042259,0.710483490489423,2.25678034062966
0.462507189949974,0.656986948335543,0.389449901180342,0.711385539965704,0.0219063241966069,2.77116206810064
0.789718349464238,0.0963673419319093,0.612926026107743,0.0531613256316632,0.20639782352373,0.653236444114541
0.0486555092502385,0.298133624484763,0.697348624235019,0.376270750071853,0.625146832084283,2.00729518671726
0.225109943887219,0.207179309567437,0.616577371256426,0.629857304971665,0.774482061853632,2.00081988351773
0.765951993875206,0.673063382040709,0.522096375003457,0.0590114637743682,0.501784186577424,2.96218520632881
0.81077808747068,0.665639908518642,0.351029683370143,0.478142631938681,0.443711182801053,3.11404132265872
0.921985322842374,0.326891194330528,0.780228800605983,0.115054535679519,0.574178140377626,2.53528348488358
6.48037530481815e-06,0.590362627292052,0.728715112665668,0.476198205025867,0.433124728733674,3.85752767882636
0.777013872517273,0.505208521615714,0.660496566444635,0.59995553526096,0.132697019493207,3.80721900051799
0.120130532421172,0.735763415927067,0.761340706376359,0.730720540508628,0.475408812751994,5.15888293310988
0.523200503783301,0.278940307674929,0.629279856104404,0.747670648619533,0.30040270043537,2.37020161550446
0.129498006775975,0.243893449660391,0.158487304579467,0.18705276818946,0.0262973054777831,0.193221979156173
0.201536789070815,0.920921262586489,0.00908071338199079,0.476330175530165,0.437238649930805,0.705055927033748
0.658477896358818,0.28687969269231,0.455079374136403,0.0563845152501017,0.386007549706846,1.09230748264986
0.49476277991198,0.0275790835730731,0.703145981533453,0.1782229274977,0.928843235131353,0.398106258147248
0.943359169177711,0.713677496882156,0.456466727890074,0.062037365976721,0.897866830928251,2.93661838138078
0.901841924991459,0.655142690287903,0.824720274657011,0.6431591110304,0.405258678598329,5.76494646888663
0.460018527228385,0.153479734202847,0.175733982818201,0.16166921146214,0.439397486625239,0.385267010257779
0.747516322182491,0.798937765881419,0.458416773471981,0.462707781931385,0.387437451863661,4.05937713531823
0.919410318369046,0.607668912271038,0.941298991441727,0.109793963376433,0.933306805090979,5.03751743237844
0.432421490550041,0.634146083844826,0.480149611830711,0.144221068127081,0.643370511941612,2.50189860021202
0.914892097469419,0.508637284394354,0.705469181062654,0.0897546117193997,0.379846673924476,3.27805095985708
0.957709896145388,0.321488899644464,0.643174753291532,0.775932454038411,0.449758058646694,3.15880673754676
0.680497396970168,0.416401042137295,0.105379331158474,0.232867437414825,0.791591193061322,0.956556312338303
0.385221219388768,0.289676711661741,0.160263419616967,0.940578304929659,0.68340609408915,1.35349562743503
0.786114075221121,0.561310283141211,0.392383893718943,0.860767370788381,0.366592702455819,2.96912111089097
0.706272087758407,0.485731594031677,0.315026603639126,0.0804144665598869,0.876784253166988,1.37485447808958
0.267966707935557,0.882379141636193,0.961783604463562,0.93767800508067,0.841147753177211,7.78289834058391
0.247904550516978,0.955843578092754,0.568429200677201,0.0578092394862324,0.588439344894141,3.9522589297115
0.0815093377605081,0.154765611514449,0.0444481731392443,0.374461170518771,0.890703400596976,0.472627366699133
0.986957571003586,0.829939759569243,0.709620654582977,0.396396832307801,0.255969872698188,5.94471632772054
0.735568811185658,0.809841227252036,0.0285413507372141,0.996665660524741,0.692496301373467,1.48254087669068
0.48247663048096,0.813998455414549,0.422494827071205,0.683986405842006,0.156180623685941,3.58324172226963
0.835297671612352,0.727709005586803,0.836343075614423,0.841139134950936,0.298645684495568,6.09619231211522
0.723978856112808,0.49513809918426,0.59346715756692,0.858260044828057,0.869436352513731,3.89241641318382
0.126824382226914,0.380769387818873,0.951964486623183,0.652791899396107,0.463095154613256,3.60109892997704
0.315221385797486,0.271067928988487,0.517598282080144,0.349254027241841,0.914650725666434,1.69756058893411
0.417440095450729,0.485919418977574,0.956957257818431,0.236127108568326,0.972394259879366,4.0596605025443
0.0328235314227641,0.331490420270711,0.220045007765293,0.184006687486544,0.648207190213725,0.382982573968073
0.441945069469512,0.270332861924544,0.180225019576028,0.737249299651012,0.843834373168647,1.67682167131371
0.629692879971117,0.636687075020745,0.358819466317073,0.416693002916873,0.518222044454888,2.81179444308493
0.414315875153989,0.771743738558143,0.127929827431217,0.8277328168042,0.750316969119012,1.94214539050534
0.333596810000017,0.619133592117578,0.0278466728050262,0.202435377286747,0.405159053625539,0.298374673245875
0.438235183013603,0.0391865489073098,0.992400073911995,0.353705412242562,0.342868195846677,0.949947578179209
0.340245829662308,0.793399032903835,0.626191762741655,0.0372541674878448,0.890565255889669,3.61359199519012
0.226239485898986,0.213017943548039,0.268216995988041,0.326082068262622,0.25650244904682,0.798867022548963
0.272557260235772,0.559911970514804,0.992518401239067,0.821969667915255,0.976336055900902,5.65041257537873
0.809037667233497,0.294718028977513,0.408616767497733,0.529202054254711,0.924756737891585,2.47379275974149
0.231909285997972,0.0786010916344821,0.496615015668795,0.0553369412664324,0.983217689674348,-0.0857517380310606
0.3611367829144,0.373264672467485,0.919324896298349,0.207974973833188,0.486145158531144,2.94906507121944
0.329272236907855,0.474266650388017,0.189453242579475,0.46199654461816,0.0718169065658003,1.30535276211078
0.334720893297344,0.291269004577771,0.258144424529746,0.823318534996361,0.54607420694083,1.51618438681066
0.600028118584305,0.30902444338426,0.116096443729475,0.891117314342409,0.842199108097702,1.66626347112496
0.859488581772894,0.299961185082793,0.777071387274191,0.311716468073428,0.304632466984913,2.82878568906847
0.877346773864701,0.566807267256081,0.97905033477582,0.591883254703134,0.283273484790698,5.78030885799734
0.220080017577857,0.408537202747539,0.714226579293609,0.221711033722386,0.219369885046035,2.40918927775317
0.894588385010138,0.894999203039333,0.251793476287276,0.223444742849097,0.832330049015582,2.58202420703184
0.227069986518472,0.343197709415108,0.770188640104607,0.736633680295199,0.262990417191759,2.75920055219006
0.994252900592983,0.0634947444777936,0.781582948053256,0.216129701584578,0.164022583514452,1.25423652663738
0.780838504666463,0.3750690293964,0.0671003498136997,0.266052360180765,0.937503614928573,1.00969174452235
0.723938168724999,0.330289692850783,0.323390795616433,0.374136925907806,0.871530466945842,1.91270138028121
0.621507753618062,0.581530450377613,0.527720981277525,0.813995391130447,0.523200375027955,3.6371397133417
0.112049026414752,0.878309185849503,0.529560185270384,0.192874078871682,0.363251045579091,3.59709473817946
0.565122429281473,0.684363672975451,0.391167211579159,0.0430950296577066,0.126144628971815,2.04300123212738
0.241876607295126,0.242480939486995,0.771866403752938,0.803390881046653,0.113622060278431,2.030576987808
0.43483013077639,0.286244178423658,0.306404280476272,0.742597776465118,0.324866459006444,1.59825352883749
0.244037510128692,0.604198042536154,0.69080695672892,0.783789160428569,0.543022215366364,4.17086932236277
0.410128884250298,0.147538476856425,0.204551158007234,0.974146998254582,0.736547717824578,1.26126274666397
0.313036863924935,0.240435671759769,0.0682562133297324,0.151676150038838,0.37047833413817,0.122327529284288
0.146031400654465,0.241695219650865,0.252607848029584,0.353716295445338,0.356854517245665,0.828906779418207
0.0398337547667325,0.0668498275335878,0.676531825447455,0.734772128751501,0.712395165348426,1.1502085432998
0.392493375809863,0.112647563684732,0.53317260183394,0.191577448742464,0.138659873278812,0.652014602461062
0.825722796609625,0.273405476706102,0.290770920924842,0.703464559977874,0.32672262378037,1.94862566203644
0.941929964115843,0.0924576951656491,0.615679430775344,0.10998515994288,0.413585800677538,0.963166999612754
0.593429357977584,0.152800084091723,0.398791171610355,0.657679850934073,0.958417792571709,1.96841821142653
0.469490743242204,0.649875177070498,0.15422356617637,0.218178790993989,0.694152439013124,1.14273542867554
0.761426392244175,0.523324005771428,0.438346064882353,0.228487808955833,0.502844911301509,2.4948529977417
0.989181675482541,0.683424470946193,0.46565913874656,0.360479438910261,0.192660744767636,3.70187721396535
0.217953943647444,0.8655691947788,0.85068081645295,0.0374267173465341,0.947609229944646,5.41461995831821
0.875399715267122,0.519221105379984,0.464399535907432,0.262414390221238,0.777811492793262,2.81160768643023
0.211578250164166,0.960812686942518,0.646704075625166,0.239434723975137,0.702518376754597,5.09127835386264
0.900650002527982,0.648463584249839,0.0230460343882442,0.984440497588366,0.682235743617639,1.59113459501765
0.0210905268322676,0.563843424199149,0.763286727014929,0.731721712043509,0.609222122468054,4.12316744236731
0.209279947448522,0.911282905144617,0.288777167908847,0.582617971114814,0.954731978476048,3.08657039605387
0.257883169455454,0.958238270832226,0.502033830620348,0.511670283507556,0.662708177464083,4.64783495549775
0.990527359070256,0.791646159952506,0.113602711819112,0.41953696263954,0.849756495095789,2.16606366718687
0.403015390504152,0.361322609940544,0.681486571906134,0.034053370822221,0.0876884337048978,1.6897869425533
0.905777206877246,0.612587383948267,0.598047765437514,0.8566310913302,0.470207679783925,4.33576249417908
0.63956682686694,0.0518179857172072,0.643853451125324,0.387304462026805,0.213387336814776,1.13613116856009
0.133819516049698,0.589305424597114,0.0163707239553332,0.046941886888817,0.958158744731918,-0.440305009267278
0.253650876693428,0.477353474125266,0.57530301110819,0.405322503764182,0.256308790063486,2.70077411866582
0.461081976071,0.741500106872991,0.162078295368701,0.0401137114968151,0.255650376435369,0.757373554718507
0.475248563569039,0.349300833651796,0.408915285253897,0.955844996031374,0.87868586438708,2.35733976918792
0.803226479329169,0.926450688624755,0.66274820594117,0.460050822934136,0.647499127080664,6.18373046368716
0.860608828486875,0.307547337142751,0.892199479276314,0.361465185415,0.355968734249473,3.28050338651811
0.320930497255176,0.0395021149888635,0.921879017027095,0.545199161628261,0.331702504539862,1.07135309207145
0.878443967550993,0.677924468182027,0.545588247710839,0.156088274670765,0.692620516754687,3.5162899064164
0.772234714590013,0.837556956103072,0.340322056552395,0.737953152740374,0.198814524104819,3.42115160323174
0.0382964585442096,0.227921774145216,0.155723997624591,0.760117153404281,0.344218496698886,0.790345570794783
0.23250399180688,0.613695884123445,0.70517295692116,0.796510300366208,0.983707355335355,4.62308223837884
0.806792335351929,0.757010383997113,0.112777434987947,0.110766344936565,0.138592306757346,1.04663167393223
0.245248842518777,0.576494840439409,0.633610403165221,0.789185262518004,0.131912624230608,3.46297974398096
0.235126177314669,0.0391733003780246,0.572748580947518,0.880664155818522,0.063770943088457,0.654444328527183
0.616081376560032,0.16951568890363,0.123856069287285,0.170583327300847,0.928618253208697,0.509489043731459
0.21272551221773,0.586127664893866,0.273970872163773,0.461763911647722,0.319954035570845,1.85251272330571
0.0778044641483575,0.867881653364748,0.257389000849798,0.708134368760511,0.00341252540238202,2.11091031911078
0.518907944206148,0.0700406404212117,0.839589675655589,0.849179448094219,0.53105071047321,1.5486754471568
0.981723780743778,0.405222315806895,0.239684596424922,0.908244721824303,0.958216570317745,2.63024807252201
0.795936937211081,0.146857724292204,0.342599699040875,0.216245993506163,0.43284848309122,1.07277237877371
0.238538421457633,0.994617897551507,0.526767277158797,0.890119271120057,0.132202988024801,4.66462536070651
0.125048710266128,0.603616615291685,0.233513731509447,0.398352788295597,0.608195126056671,1.58978585425404
0.971310981083661,0.689572009257972,0.302600340917706,0.538225943222642,0.700878682779148,3.26796301769179
0.720321061788127,0.920689096441492,0.322394995484501,0.243090668460354,0.882467629853636,3.02814221525939
0.743890596320853,0.576763860881329,0.924310699803755,0.766710807103664,0.643811312504113,5.70303080305961
0.928023031679913,0.0996613884344697,0.0653089028783143,0.61915823398158,0.590944284107536,1.64207370450248
0.90045039029792,0.697049307869747,0.123899478465319,0.312954853754491,0.727246963651851,1.75267189698927
0.341884948546067,0.244709205348045,0.607790038455278,0.690042869653553,0.273052532225847,1.97388700847656
0.282627186505124,0.638632582267746,0.205648289760575,0.485714028356597,0.656393267214298,1.8539835654451
0.487083898857236,0.499964429996908,0.00992190465331078,0.537354241590947,0.941340832738206,1.2498128278516
0.27229396183975,0.820621073478833,0.960499516222626,0.70296861580573,0.231942130951211,6.98892964816619
0.626750274794176,0.373144089244306,0.111047228332609,0.462710789171979,0.210451391525567,1.2873137206192
0.153149869060144,0.448716767830774,0.375824025366455,0.495023121824488,0.21711011370644,1.84825656562841
0.311065805377439,0.822789145167917,0.684547096956521,0.465681312838569,0.981013815151528,5.37254845969075
0.725482225650921,0.217013041954488,0.543014005525038,0.497567017097026,0.565553288906813,2.18748366584587
0.509711656719446,0.537576830247417,0.138239884050563,0.725009436253458,0.933457403210923,2.00915706208519
0.351434407290071,0.762179519748315,0.233390257926658,0.386976577108726,0.180319619597867,1.97147179425152
0.490506717003882,0.176047182641923,0.102871578652412,0.250904091866687,0.562495346879587,0.609619507211047
0.353145353728905,0.709285515360534,0.293907011626288,0.424045795109123,0.406207452761009,2.34930852498821
0.915677068056539,0.295455732615665,0.618256280198693,0.439269534545019,0.343351617921144,2.73115186888337
0.430194872431457,0.295531972311437,0.494948889128864,0.68240559566766,0.420295303221792,2.14309869031715
0.290976354386657,0.829445514362305,0.87035745033063,0.471037736395374,0.948949916753918,6.63892671677141
0.70311308815144,0.393068220233545,0.654627247713506,0.599540007533506,0.358080328674987,3.25843876889132
0.98237193073146,0.476854443084449,0.751988988369703,0.297294601332396,0.551941252313554,3.95425490928734
0.870403092354536,0.305217672605067,0.201302495086566,0.126909168204293,0.385883079841733,0.973836409322848
0.0488242011051625,0.254718897165731,0.672700725728646,0.689655439695343,0.394885192159563,1.94228963511599
0.75016406388022,0.892073264112696,0.126808644738048,0.682351608062163,0.178233680548146,2.04174568198471
0.264429741771892,0.808147401548922,0.779437304008752,0.723715154686943,0.557588593335822,5.92309321602729
0.752300956984982,0.0921397749334574,0.00461785471998155,0.59527649381198,0.0560074294917285,1.08571706060952
0.0068579688668251,0.380074906628579,0.426231757039204,0.365001899423078,0.0353109801653773,1.42043592408468
0.115136980777606,0.975796022219583,0.110259858425707,0.510985829867423,0.28313197218813,1.37046460616971
0.363103019306436,0.245234312023968,0.230414856225252,0.0246903959196061,0.83776169992052,0.102536300743637
0.299083257326856,0.385004331124946,0.118430798873305,0.418655888643116,0.86749058123678,1.10877643337284
0.124167600413784,0.782660940196365,0.89604689204134,0.645280135795474,0.214573429897428,6.13888653194021
0.30028762249276,0.945963941980153,0.525359823135659,0.677735274890438,0.87550219334662,5.0937359055963
0.721137107815593,0.0946807733271271,0.854309127433226,0.537133528850973,0.0246381035540253,1.66508217820431
0.320192805957049,0.805518264649436,0.23839681991376,0.113075072178617,0.43623760715127,1.4009255485321
0.451187734724954,0.821586350444704,0.598567313980311,0.221962478477508,0.597992533585057,4.2491140157209
0.865987861528993,0.648435092298314,0.0788446527440101,0.64799606683664,0.459642620524392,1.85870353347341
0.0103153008967638,0.32096946821548,0.809895125683397,0.0808777729980648,0.700718900887296,1.53936117883383
0.94856580439955,0.630567005136982,0.704409110359848,0.744834347162396,0.575493168085814,5.14750993647723
0.629706569947302,0.719712637597695,0.150426901178434,0.0307600498199463,0.722600222565234,0.801892951834869
0.295010421425104,0.0638482752256095,0.00968374125659466,0.972212597494945,0.256080360151827,0.607575733258628
0.775264276191592,0.378958879504353,0.755292201414704,0.925167541019619,0.982534155482426,3.93588672855535
0.630760878324509,0.0113875481765717,0.983791337348521,0.139967914670706,0.657112879445776,0.36710919855776
0.906563305994496,0.871364558581263,0.518603888573125,0.0537098243366927,0.707829983439296,3.8840914424977
0.667148735607043,0.339266409398988,0.146391630638391,0.668184971669689,0.810337622184306,1.87313883260417
0.161492873681709,0.409868183312938,0.514826925471425,0.149468632414937,0.3599901299458,1.50563462372413
0.287657137727365,0.0950067024677992,0.451105552259833,0.169777143048123,0.0761942360550165,0.34573719558302
0.357075990643352,0.370132949668914,0.648205268196762,0.970454583410174,0.359082728857175,2.62372441794564
0.492522586137056,0.752198844915256,0.864041739609092,0.0222326267976314,0.0202880781143904,4.9724695292854
0.214280958054587,0.205724477069452,0.0810766769573092,0.853686786722392,0.53848745347932,0.904866293646581
0.478205072227865,0.899574720067903,0.0983191756531596,0.647055010544136,0.946112798992544,2.05044441533233
0.590506595093757,0.595658250385895,0.0876059629954398,0.38992129242979,0.159958495059982,1.21968247737951
0.903144762618467,0.64045452978462,0.595209793420509,0.997602206887677,0.595743980025873,4.43141903886146
0.456414956133813,0.665268528508022,0.518240247154608,0.440626814495772,0.639623956754804,3.64112428628041
0.274699045578018,0.71111270901747,0.926626164233312,0.966233996674418,0.558290127664804,6.0217202546638
0.0318572740070522,0.540369344409555,0.922513791359961,0.131483433535323,0.825781284132972,3.61792464612709
0.725285943364725,0.992643246427178,0.183404036564752,0.679672699188814,0.0236439744476229,2.46386351108501
0.384114001877606,0.98663246887736,0.0117374481633306,0.655239352723584,0.0819287088233978,0.810473627598977
0.692596010165289,0.0922262601088732,0.916422087000683,0.817295586690307,0.847257339861244,2.20671011964933
0.818118057679385,0.460226046852767,0.694466432090849,0.028289262438193,0.19335753750056,2.68157485545743
0.556598324794322,0.437822017120197,0.955918067367747,0.377821131143719,0.0717989783734083,4.06956390865239
0.637350903823972,0.672057604184374,0.637050735065714,0.292130581801757,0.977665522834286,4.14606275291971
0.819346384145319,0.620930005097762,0.935516939265653,0.0821368077304214,0.999313914217055,4.91927818858294
0.225896678864956,0.333857709541917,0.0822897602338344,0.393344042124227,0.11514674150385,0.644330219419452
0.769930467940867,0.871917952550575,0.538024129113182,0.749498164048418,0.591853785561398,5.1620563028247
0.320032246876508,0.606136121088639,0.882596991956234,0.355375905288383,0.917109164875001,4.87670640164876
0.0310833966359496,0.742638933472335,0.793602505000308,0.000888579990714788,0.814263012027368,3.95169284405354
0.554717238992453,0.0197130879387259,0.147147368406877,0.408874409971759,0.766240233089775,0.990877127831321
0.727046030806378,0.478693955345079,0.630721526918933,0.397265484556556,0.145707497838885,3.35335349507919
0.876121516805142,0.766316546592861,0.201682382030413,0.0784712082240731,0.237145338207483,1.57046516895512
0.739296033978462,0.31680455012247,0.576410547364503,0.652265740325674,0.187737577129155,2.59881777600716
0.284345023334026,0.424443160183728,0.509458561427891,0.685923974961042,0.793714124709368,2.80230518491041
0.855338163441047,0.608508074190468,0.749449450988322,0.961740829749033,0.515415216097608,4.95849971049257
0.88048766227439,0.22783833113499,0.580873834202066,0.193703268188983,0.947817153064534,1.73724241765583
0.0351652009412646,0.82335312734358,0.22368658403866,0.830149835208431,0.681697307853028,2.1765330593801
0.610589232295752,0.870095607126132,0.955859860638157,0.992609131149948,0.384640663629398,7.62428698558833
0.839055044343695,0.0976227694191039,0.502336336765438,0.949127046857029,0.229913804447278,1.54072643522239
0.380401768023148,0.0370370345190167,0.709431227995083,0.178732107393444,0.260555472224951,0.345111792813617
0.967689119512215,0.73998475400731,0.511099645169452,0.397944849915802,0.151289263274521,4.20540695897516
0.838138706749305,0.917131524765864,0.68388999812305,0.0718437959440053,0.964611099101603,5.26082552655884
0.33285076613538,0.342726568225771,0.852832308970392,0.662557773292065,0.0660377847962081,2.98710182397622
0.791398976230994,0.334820818388835,0.393876821035519,0.151517754420638,0.994659709744155,1.50358331623822
0.329634609166533,0.46633273572661,0.265898667043075,0.909890754381195,0.393196997465566,1.72392145740549
0.60877562337555,0.31509675248526,0.599029254633933,0.112844243878499,0.311676094774157,1.6767269630829
0.315868108300492,0.582488151965663,0.680552655132487,0.106620901497081,0.652642135275528,3.0072367059088
0.688598980428651,0.090325542492792,0.549938507610932,0.950235378695652,0.572942105820403,1.59825433128013
0.258595664752647,0.219078722875565,0.939513362478465,0.0896076343487948,0.743526572128758,1.38625216538299
0.97998455632478,0.0350050870329142,0.291570794768631,0.438943804474548,0.502233452629298,1.48030000772356
0.404420968843624,0.0477392370812595,0.313698057550937,0.919227980310097,0.0292931802105159,0.745966177287065
0.216097659431398,0.3535671250429,0.125976532930508,0.0387723247986287,0.643092481885105,-0.0971231705637232
0.404784276382998,0.911820685490966,0.745987741043791,0.696065092924982,0.229812067933381,6.24155992846738
0.852555607678369,0.822973472299054,0.688863327493891,0.142532130470499,0.290257551474497,5.02624544240202
0.113187528448179,0.359031213447452,0.283811960136518,0.67889911821112,0.728553282329813,1.67565108108956
0.698177981656045,0.976850656559691,0.706651747692376,0.284799895249307,0.7512747424189,6.27698305871216
0.365913672372699,0.481286322465166,0.950256251031533,0.758382746716961,0.273771025240421,4.44578847374305
0.788281085668132,0.653001779457554,0.864174327580258,0.780570850940421,0.555412824032828,5.91998844559857
0.0989616725128144,0.218807922443375,0.953903845511377,0.433150818804279,0.300008926773444,2.09056874374171
0.348690598737448,0.155117528513074,0.561891504330561,0.869753243867308,0.306239709956571,1.42406906981981
0.248949929606169,0.924045338993892,0.93640062911436,0.416820573154837,0.422962971264496,7.50012254057045
0.189652462955564,0.974207164952531,0.169686676701531,0.564457970904186,0.946838510455564,2.26142721634003
0.643339200876653,0.736025718273595,0.476439322344959,0.370066375238821,0.758136166958138,3.74181713406454
0.10482201189734,0.843034134246409,0.0959279611706734,0.0832325299270451,0.46716019581072,0.213880751851558
0.848742211004719,0.383884402690455,0.890252466546372,0.125457591610029,0.15519818267785,3.18658493345593
0.556457601720467,0.0192299142945558,0.919059761334211,0.637175211450085,0.249915549298748,1.14339109692514
0.268988290801644,0.524941751267761,0.766782191349193,0.926910733105615,0.341133318841457,3.84531271765982
0.33676851214841,0.73270335001871,0.958515399135649,0.908823176519945,0.604864625493065,6.51566684958564
0.796661069616675,0.370138109428808,0.306024045916274,0.559701955644414,0.632739001419395,2.32735270280704
0.960053435759619,0.478124601766467,0.789972486440092,0.939274500822648,0.403737532906234,4.38747599898704
0.590832247631624,0.0703322987537831,0.419859010726213,0.70940748276189,0.87866076384671,1.69742666902443
0.833922759862617,0.617740968242288,0.860247475793585,0.172700366238132,0.193067649146542,4.81906468525652
0.312280245823786,0.780685988254845,0.813179439399391,0.112621169071645,0.472382649080828,4.93436974801138
0.886811649892479,0.389275290537626,0.758959828875959,0.622007415862754,0.292192291468382,3.72003794389383
0.624164954759181,0.37988772476092,0.665780656971037,0.576383151113987,0.201636474346742,3.04369238449122
0.38789651542902,0.590328007936478,0.148821153910831,0.438408371293917,0.150389584479854,1.35758405525564
0.0407184241339564,0.865936503745615,0.897296770010144,0.168623836245388,0.535885627148673,5.97120964274302
0.0342661030590534,0.90966058219783,0.300076463958248,0.441852309508249,0.747271374100819,2.66729452097097
0.448531022528186,0.399823697749525,0.772470576688647,0.424626883817837,0.368193798465654,3.24721215957363
0.697671863716096,0.783352085622028,0.925678025698289,0.616290332516655,0.634617700707167,7.16904481365004
0.387518462957814,0.336966154398397,0.693746819859371,0.640871795127168,0.819624989992008,3.04387583322918
0.389273768989369,0.514450102113187,0.912458030739799,0.844662292627618,0.0410970614757389,4.37969943107374
0.582537879003212,0.454481658991426,0.151501665590331,0.725024779792875,0.622604749631137,1.81936229693117
0.571411171229556,0.100394390057772,0.624013198306784,0.907761072274297,0.234314030269161,1.39300982370283
0.801038265926763,0.911025662906468,0.885353962425143,0.740356663707644,0.891384573886171,8.13170488947632
0.752801470691338,0.463194726034999,0.173214761773124,0.753032275475562,0.066103586461395,1.68765757006789
0.485899352934211,0.349975989200175,0.382830442860723,0.70685813925229,0.829950584098697,2.38326572139898
0.0830005970783532,0.414004861842841,0.213227488799021,0.364928736584261,0.943200723733753,1.09375029631675
0.61424177326262,0.0722132662776858,0.408123502507806,0.736723396927118,0.641623405972496,1.55315548597282
0.811702816747129,0.491614398080856,0.804988398915157,0.0493778579402715,0.115721258800477,3.34996074712301
0.547422752948478,0.106258089886978,0.878422885900363,0.70394893665798,0.469950100639835,1.87923214208328
0.9042859505862,0.253244883613661,0.608358174329624,0.151542284991592,0.605678134132177,1.81951558379663
0.115512571996078,0.626170194707811,0.438115053111687,0.459786290302873,0.577475010650232,2.74980559646239
0.202281062724069,0.431020037271082,0.929233634844422,0.163943535881117,0.120996988145635,3.10565629776612
0.0532729434780777,0.961002115393057,0.294627781258896,0.21352855511941,0.15927693946287,2.1292458574153
0.955184067133814,0.0804820065386593,0.0632066435646266,0.996229063719511,0.566508988151327,1.4781574309823
0.807626020163298,0.0740245159249753,0.956614798400551,0.156213561538607,0.72113850293681,1.07239540038357
0.741088798735291,0.0356388569343835,0.215598992304876,0.747107974486426,0.320517964661121,1.27331600710143
0.586185292806476,0.387334781466052,0.61875178408809,0.749471414834261,0.534386207582429,3.11209030508332
0.328558471985161,0.683834097580984,0.49684799509123,0.681158510968089,0.393854775466025,3.55560966734587
0.270747517002746,0.955898413434625,0.545352945104241,0.716636928962544,0.243669440271333,4.82785964970856
0.83865193137899,0.961134888930246,0.631279796594754,0.945936199976131,0.0420894690323621,5.89996390611282
0.794511720305309,0.611297019058838,0.111286951694638,0.446358195506036,0.38806375162676,1.71874502991158
0.964748330414295,0.576200258685276,0.699462019372731,0.773702929029241,0.227515567326918,4.57351835604175
0.206761493580416,0.376221850747243,0.340950941201299,0.00420544296503067,0.752635437063873,0.456506703831503
0.212659220676869,0.197877156082541,0.338531272951514,0.800767346983775,0.32874707155861,1.18216907246151
0.294234778499231,0.277671196265146,0.690865358570591,0.520078907255083,0.726690562441945,2.43466862774313
0.77195105003193,0.989693293813616,0.187624760903418,0.962348973378539,0.211177384015173,2.53847583327685
0.165170028107241,0.167698063189164,0.287240839796141,0.968389858724549,0.95039999880828,1.34363057962439
0.567043385934085,0.134834453929216,0.675309114856645,0.476108457194641,0.407527355011553,1.72166712703736
0.527468590531498,0.248183568706736,0.359235290437937,0.306559342192486,0.0947813068050891,1.28267263299306
0.569885727250949,0.440583038376644,0.64982364885509,0.47951451735571,0.833071425557137,3.42851718367286
0.414118982618675,0.289148274343461,0.899599602213129,0.46784397913143,0.826855021994561,3.04508881551733
0.906625106232241,0.174999965587631,0.155347402440384,0.279790098080412,0.328367328969762,1.16324017246463
0.152377338847145,0.196101582841948,0.659062441904098,0.600617786170915,0.562085791723803,1.79972746153401
0.0745018785819411,0.97690120129846,0.998126219958067,0.327858114847913,0.614643447566777,8.05453078246315
0.995808306382969,0.739219423383474,0.319602910429239,0.537889591883868,0.183362735435367,3.257989326918
0.292078364174813,0.327868199674413,0.936221391428262,0.0901854815892875,0.708227629540488,2.23086422644613
0.145801458507776,0.0339585444889963,0.951273964019492,0.780140725197271,0.895746587309986,1.28615898870503
0.970438936958089,0.763009013375267,0.859405866358429,0.984190262621269,0.749308736762032,6.82952408121347
0.762418868020177,0.475008353823796,0.307953702053055,0.585624347208068,0.365830039605498,2.42958041374115
0.888810028322041,0.448388397693634,0.503523045917973,0.763197989668697,0.792321088956669,3.49999022862261
0.878002399113029,0.614962368970737,0.125524918781593,0.712187249213457,0.909457853762433,2.3895319741417
0.793498858110979,0.632029381580651,0.448278034105897,0.259613522328436,0.909954451024532,3.05054173324587
0.0495532958302647,0.6514622871764,0.12253995006904,0.49076703353785,0.450507178204134,1.14011809853836
0.389061920810491,0.314791741082445,0.416521275183186,0.0569698521867394,0.236500877188519,0.824114782301496
0.0567522544879466,0.584710985422134,0.512902238639072,0.1089649470523,0.563625782029703,1.98048881688689
0.682235779473558,0.66564745362848,0.842278651194647,0.0162742198444903,0.518420139094815,4.43317091990673
0.294998727040365,0.0469335843808949,0.28655924461782,0.582644887734205,0.459314430831,0.953921796014204
0.60032758093439,0.297115208348259,0.0165578701999038,0.358815209474415,0.963025067234412,0.943447336647332
0.51372620719485,0.111065255710855,0.376426440896466,0.0262219894211739,0.828576428582892,0.144599290224241
0.751809796085581,0.760785585502163,0.800714893499389,0.138577471021563,0.183250247966498,5.25327980722439
0.00592636968940496,0.505914165638387,0.250580696389079,0.651919096475467,0.346109712263569,1.50838452427368
0.593520784052089,0.00671760831028223,0.58107977733016,0.779380748514086,0.860502935713157,1.48577758209125
0.684023675275967,0.398044087691233,0.831505897222087,0.0252445060759783,0.124319682363421,2.63118196308537
0.0826239243615419,0.348636870272458,0.201178297167644,0.378305132966489,0.100140979280695,0.809397756639209
0.283672906691208,0.633925152244046,0.481996786314994,0.298289949540049,0.0191679133567959,2.71718631325462
0.677676300518215,0.889889056328684,0.0797532070428133,0.440759595716372,0.781623472925276,1.7293633777406
0.987694032024592,0.570591948693618,0.0379139487631619,0.478127922862768,0.80986787006259,1.74347730621487
0.350239257561043,0.732382834888995,0.446469916496426,0.981105376733467,0.342479255981743,3.28674073146847
0.952934621367604,0.242862446932122,0.357119141612202,0.351773401955143,0.869793121470138,1.92853923677592
0.202759980689734,0.249134798767045,0.466616932069883,0.862163305049762,0.533651270903647,1.67227934512665
0.490082947304472,0.657010514521971,0.286066360305995,0.319262843346223,0.413250806275755,2.11531833653495
0.550317730754614,0.00635657249949872,0.791987537639216,0.0587471993640065,0.735599693842232,-0.0131605998372915
0.307427199790254,0.520980115048587,0.621402690187097,0.589671329595149,0.704217282822356,3.56914920423699
0.661692893132567,0.0462762573733926,0.402222890872508,0.168426046380773,0.0307170576415956,0.527264185419106
0.0174687064718455,0.118314490420744,0.228455170523375,0.6911999466829,0.0104105994105339,0.509846698105498
0.299010107060894,0.898689896101132,0.841292406432331,0.0512844391632825,0.723128533689305,5.69899981609325
0.295546535169706,0.660071569494903,0.56482625938952,0.594384467694908,0.922718312125653,4.05523860323248
0.463456218829378,0.9361787205562,0.918517630547285,0.441061852499843,0.959214679896832,7.85161903547855
0.37939150002785,0.996935331029817,0.0507823606021702,0.268945090938359,0.924984985264018,0.809968636890988
0.72472061519511,0.145654727006331,0.015287441201508,0.483398543437943,0.872185352491215,1.34702856923692
0.0217962707392871,0.867819007718936,0.259241867111996,0.668017886113375,0.418714936822653,2.34743716809353
0.161029094364494,0.384826118592173,0.75038852635771,0.779640595428646,0.995438779471442,3.41861684919391
0.56691914005205,0.792865923605859,0.842564816819504,0.741890933830291,0.180059056496248,6.26902905111753
0.745969898533076,0.671809536172077,0.881494288798422,0.000240230932831764,0.205891762627289,4.70677043100219
0.410933647304773,0.754713123897091,0.454598348820582,0.82568617281504,0.940098423743621,4.03470936988955
0.740046245977283,0.368901331909001,0.851166343549266,0.0479935638140887,0.265504273353145,2.62198971264759
0.214640883496031,0.174048578133807,0.648736024275422,0.0732345476280898,0.073700545122847,0.555033801493091
0.0612147685606033,0.920546875102445,0.107080196496099,0.780462837778032,0.268699044361711,1.24737471294421
0.754344212822616,0.802978481864557,0.159618141828105,0.949362043756992,0.572478508111089,2.2843911122028
0.723418279085308,0.539870440494269,0.457570071332157,0.25760319782421,0.699658430879936,2.68646652300759
0.0499664524104446,0.0443146699108183,0.740099948830903,0.294935346115381,0.239635120145977,0.359991977302366
0.190456212731078,0.713095549726859,0.756015999242663,0.383618588326499,0.803285981994122,4.83459926841509
0.405881933169439,0.344907129416242,0.565869378158823,0.297067723004147,0.916401283117011,2.07238922902083
0.185065425466746,0.461630932055414,0.901931410422549,0.193146927282214,0.0800464183557779,3.28844446597389
0.615984478965402,0.528566857101396,0.0652741405647248,0.43923244276084,0.322328041540459,1.23632383736955
0.953444218728691,0.441833026241511,0.689668784616515,0.993691763142124,0.433333609485999,3.78168524439552
0.256888050120324,0.986704668262973,0.724626549752429,0.0170378924813122,0.124959990847856,5.2221931209235
0.00440261582843959,0.650756061542779,0.818081302801147,0.715377765474841,0.477095430949703,4.83106712597137
0.574059203732759,0.883372096577659,0.77416423195973,0.24490575469099,0.0803664405830204,5.93589678489602
0.167692024959251,0.155381785007194,0.919017462292686,0.551926671294495,0.850703953066841,2.01821827492319
0.695045375730842,0.483769734622911,0.949808139819652,0.194944212911651,0.173767674481496,4.16698599311452
0.54081593407318,0.948345778975636,0.922608334803954,0.445396079681814,0.432802737224847,7.92341103462296
0.732261471450329,0.951496295165271,0.91435248311609,0.397403310751542,0.488898917101324,8.01064407081328
0.258219171315432,0.626525675877929,0.631895225727931,0.602068107109517,0.666475465986878,4.08354081414222
0.336479652207345,0.169569035992026,0.235838877502829,0.687933586537838,0.0803123030345887,0.977877216645332
0.162904585013166,0.250945907086134,0.189564029686153,0.847367942333221,0.0690133245661855,0.791999483071962
0.206271929899231,0.281839844072238,0.0805415220092982,0.927389933960512,0.812258081743494,1.10397553131101
0.62716787471436,0.523547305492684,0.68101962748915,0.100250669755042,0.936476431321353,2.9750041905564
0.605044866912067,0.171374002005905,0.453322891844437,0.49921771325171,0.0338604329153895,1.50258783051503
0.524837417062372,0.838575013214722,0.935265008825809,0.623433051863685,0.985853225458413,7.65977265870787
0.828975345008075,0.352888312423602,0.448872573673725,0.964798210887238,0.19560507312417,2.37816641346399
0.771910129347816,0.880809220019728,0.574925236636773,0.603478936245665,0.429426853079349,5.34848384586577
0.0753934958484024,0.00670776329934597,0.697198471520096,0.752282132860273,0.266301524359733,0.534147238574548
0.248797880718485,0.0893894911278039,0.381765572587028,0.476028471719474,0.68614545580931,1.04634222082888
0.432364837499335,0.358854818157852,0.35473389364779,0.70273931697011,0.930694516049698,2.34104779200563
0.682866266928613,0.394464659504592,0.717448621056974,0.673986142501235,0.545571954688057,3.57893295581416
0.319606510689482,0.849634343991056,0.415942809777334,0.338252999819815,0.990779443876818,3.35705151549079
0.10799937392585,0.428200111957267,0.00627634953707457,0.544138415018097,0.000654905801638961,0.408009721379373
0.587710515363142,0.431092419428751,0.537709142081439,0.62590504810214,0.985931257484481,3.30160621115495
0.778327028499916,0.708575204480439,0.338030241196975,0.540392404189333,0.110546989133582,3.02161648449956
0.724677725927904,0.171162867452949,0.289234872441739,0.709385939640924,0.72927420027554,1.88935950953106
0.550315157976002,0.311687593581155,0.430946705164388,0.406075230333954,0.636287623317912,1.99464146142039
0.0573813584633172,0.710890094051138,0.691862492356449,0.453304482623935,0.148148726904765,4.25720027241875
0.00276169250719249,0.542155624600127,0.625565614318475,0.772980199893937,0.668536835815758,3.40349742268559
0.209754613460973,0.803232447709888,0.653296988690272,0.546436327509582,0.695586252259091,5.01745447672036
0.696557391667739,0.639129174873233,0.754233329091221,0.935394740197808,0.135929566109553,4.80559363045154
0.0391897922381759,0.122873885789886,0.980851406231523,0.0475286312866956,0.795492087258026,0.358706236542212
0.696739008650184,0.541321894619614,0.578127756714821,0.324436728144065,0.209730440983549,3.29738571771685
0.369169730925933,0.690595275722444,0.257607885403559,0.515628203051165,0.0470539843663573,2.06847902764042
0.901128731667995,0.669159675016999,0.63679584977217,0.0726460386067629,0.94678498711437,3.72638822843289
0.80432249722071,0.732234937604517,0.022734985454008,0.484296842012554,0.897690998157486,1.55110083623533
0.920109884114936,0.174198005814105,0.919953402364627,0.390052184695378,0.285281627206132,2.46568651848338
0.503762955078855,0.109938153997064,0.983147847699001,0.0558685786090791,0.706586419371888,0.75559905579838
0.873717267299071,0.4312594672665,0.777730737347156,0.538884294219315,0.373855570098385,4.03491840560964
0.98331046407111,0.862730421125889,0.782404434401542,0.904781968099996,0.201917132595554,6.68160531010257
0.69767670542933,0.860425600549206,0.122383391717449,0.666237686527893,0.903907555388287,2.39945235820175
0.782187291653827,0.646826958283782,0.188284419476986,0.103772768517956,0.104090641019866,1.2882444530779
0.697894719429314,0.22031643264927,0.139624725561589,0.163520310306922,0.973033616552129,0.645133719284962
0.418594603426754,0.273584508802742,0.272640029666945,0.918038231087849,0.736531426664442,1.67418472089865
0.359012983273715,0.638254556804895,0.438602555310354,0.680214688647538,0.9834416101221,3.49630356637797
0.957905862713233,0.746485157171264,0.577874249778688,0.351030604681,0.901972797932103,4.67333828278072
0.945552975172177,0.186861579073593,0.892048797570169,0.894689266104251,0.181858365889639,2.58705177094294
0.333638387965038,0.353826279286295,0.745139972306788,0.229459572350606,0.913350216345862,2.34064931379601
0.168013172922656,0.326314639765769,0.563656531507149,0.668094113236293,0.888762639835477,2.48096882210455
0.0187063058838248,0.87456884002313,0.642704459838569,0.648800157941878,0.454037548275664,5.05520529048761
0.671906379749998,0.714832457713783,0.166385732358322,0.613752859411761,0.362732137553394,2.12723759709611
0.298598421970382,0.114852132974193,0.209805896738544,0.913808953016996,0.692021137103438,1.12077688254467
0.469018692849204,0.429559040116146,0.067418138962239,0.741005210438743,0.198491574730724,1.08237599197066
0.254924922715873,0.708416818641126,0.506521820789203,0.969513653079048,0.0676818583160639,3.3367373869679
0.771626751404256,0.134044266538695,0.58535172464326,0.27395755588077,0.189564619679004,1.39796376786945
0.124223225750029,0.759590812493116,0.144480652641505,0.163813179591671,0.956105788005516,0.687663285895691
0.268245633225888,0.667992280330509,0.490083466982469,0.372273244196549,0.774321458535269,3.18236176200347
0.921145350206643,0.810529349837452,0.207244814140722,0.847140983212739,0.678495197324082,2.93806803927341
0.104496985673904,0.0705331461504102,0.0194605379365385,0.817525255028158,0.535857500741258,0.696860266864928
0.373296319739893,0.156295082531869,0.724066321738064,0.317352616460994,0.317684874171391,1.39029672857675
0.634267818648368,0.124032464111224,0.523262860020623,0.531771137146279,0.680805117823184,1.76800133147348
0.957648507552221,0.376850182423368,0.915219386573881,0.537129128118977,0.707941395463422,4.35844017925631
0.788710053777322,0.176378878764808,0.713518425589427,0.931552255293354,0.476193409180269,2.25484450232915
0.526876379270107,0.571487731067464,0.546049189288169,0.361613433342427,0.528407037025318,3.26188668690862
0.355987479211763,0.693563555600122,0.685433052713051,0.530274004442617,0.433844440383837,4.63613848225037
0.745432996889576,0.686402606312186,0.359183507040143,0.25874220370315,0.82556845783256,2.70646379264113
0.0623492107260972,0.403813266893849,0.535970822442323,0.599217963637784,0.0606910150963813,2.10086122759141
